HashTag,Trending,Date
#stickybunasongorpoem,66 people in the past 2 days,"February 22, 2024"
#mashupanimalsandbooks,141 people in the past 2 days,"February 22, 2024"
#meermittwoch,103 people in the past 2 days,"February 22, 2024"
#musicwomenwednesday,47 people in the past 2 days,"February 22, 2024"
#tuchel,36 people in the past 2 days,"February 22, 2024"
#whiskerswednesday,41 people in the past 2 days,"February 22, 2024"
#eldenring,90 people in the past 2 days,"February 22, 2024"
#stoneramovie,34 people in the past 2 days,"February 22, 2024"
#donnerstag,12 people in the past 2 days,"February 22, 2024"
#wipwednesday,28 people in the past 2 days,"February 22, 2024"
#stickybunasongorpoem,66 people in the past 2 days,"February 22, 2024"
#mashupanimalsandbooks,141 people in the past 2 days,"February 22, 2024"
#meermittwoch,103 people in the past 2 days,"February 22, 2024"
#musicwomenwednesday,47 people in the past 2 days,"February 22, 2024"
#tuchel,36 people in the past 2 days,"February 22, 2024"
#whiskerswednesday,41 people in the past 2 days,"February 22, 2024"
#eldenring,90 people in the past 2 days,"February 22, 2024"
#stoneramovie,34 people in the past 2 days,"February 22, 2024"
#donnerstag,12 people in the past 2 days,"February 22, 2024"
#wipwednesday,28 people in the past 2 days,"February 22, 2024"
#stickybunasongorpoem,66 people in the past 2 days,"February 22, 2024"
#mashupanimalsandbooks,141 people in the past 2 days,"February 22, 2024"
#meermittwoch,103 people in the past 2 days,"February 22, 2024"
#musicwomenwednesday,47 people in the past 2 days,"February 22, 2024"
#tuchel,36 people in the past 2 days,"February 22, 2024"
#whiskerswednesday,41 people in the past 2 days,"February 22, 2024"
#donnerstag,13 people in the past 2 days,"February 22, 2024"
#eldenring,90 people in the past 2 days,"February 22, 2024"
#stoneramovie,34 people in the past 2 days,"February 22, 2024"
#wipwednesday,28 people in the past 2 days,"February 22, 2024"
